{"name":"498496ed-f99b-4d3c-bc37-ecf3f2689300","id":"/providers/Microsoft.Flow/flows/498496ed-f99b-4d3c-bc37-ecf3f2689300","type":"Microsoft.Flow/flows","properties":{"apiId":"/providers/Microsoft.PowerApps/apis/shared_logicflows","displayName":"Open Meeting links automatically when it's about to start","definition":{"metadata":{"workflowEntityId":null,"creator":{"id":"4938a8f3-b717-46cd-825c-db004d0829a3","type":"User","tenantId":"1f9dd2c8-37b8-4f22-a0fd-6f20f116e3db"},"provisioningMethod":"FromDefinition","failureAlertSubscription":true,"clientLastModifiedTime":"2019-02-17T12:49:56.9180807Z"},"$schema":"https://schema.management.azure.com/providers/Microsoft.Logic/schemas/2016-06-01/workflowdefinition.json#","contentVersion":"1.0.0.0","parameters":{"$connections":{"defaultValue":{},"type":"Object"},"$authentication":{"defaultValue":{},"type":"SecureObject"}},"triggers":{"When_an_upcoming_event_is_starting_soon_(V2)":{"recurrence":{"interval":1,"frequency":"Minute"},"splitOn":"@triggerBody()?['value']","metadata":{"flowSystemMetadata":{"swaggerOperationId":"OnUpcomingEventsV2"}},"type":"ApiConnection","inputs":{"host":{"connection":{"name":"@parameters('$connections')['shared_office365']['connectionId']"},"api":{"runtimeUrl":"https://india-001.azure-apim.net/apim/office365"}},"method":"get","path":"/v2/Events/OnUpcomingEvents","queries":{"table":"AQMkADcxY2I5ZWRhLWVhN2MtNGJhOC1iYWM5LTM4NzA2M2ZiZWEwNQBGAAADKutB7XmDW0_NpYSX-GPedQcA6domB_Y7bEa8UpYfy6ooLgAAAgEGAAAA6domB_Y7bEa8UpYfy6ooLgAAAj-oAAAA","lookAheadTimeInMinutes":1},"authentication":"@parameters('$authentication')"}}},"actions":{"Initialize_variable":{"runAfter":{},"type":"InitializeVariable","inputs":{"variables":[{"name":"IndexForUrl","type":"Integer","value":"@int(indexOf(triggerBody()?['Body'],'https://teams.microsoft.com'))"}]}},"Initialize_variable_-_Meeting_URL":{"runAfter":{"Initialize_variable":["Succeeded"]},"type":"InitializeVariable","inputs":{"variables":[{"name":"MeetingURL","type":"String"}]}},"Condition":{"actions":{"Set_variable":{"runAfter":{},"type":"SetVariable","inputs":{"name":"MeetingURL","value":"@{substring(substring(triggerBody()?['Body'],variables('IndexForUrl'),1000),0,indexOf(substring(triggerBody()?['Body'],variables('IndexForUrl'),1000),'\"'))}"}},"HTTP":{"runAfter":{"Set_variable":["Succeeded"]},"type":"Http","inputs":{"method":"POST","uri":"https://api.pushbullet.com/v2/pushes","headers":{"Access-Token":"copy your access token here","Content-Type":"application/json"},"body":{"device_iden":"ujvQ9iyx7y8sjAiVsKnSTs","body":"test","title":"Test","url":"@{variables('MeetingURL')}","type":"link"}}}},"runAfter":{"Initialize_variable_-_Meeting_URL":["Succeeded"]},"expression":{"not":{"equals":["@variables('IndexForUrl')",-1]}},"type":"If"}},"outputs":{}},"connectionReferences":{"shared_office365":{"connectionName":"shared-office365-6ad5facc-a618-42a5-bf16-6aafbb0a3c3e","source":"Embedded","id":"/providers/Microsoft.PowerApps/apis/shared_office365","tier":"NotSpecified"}},"flowFailureAlertSubscribed":false}}